Filename,File Size (kB),Opcodes,Threads,NtProtectVirtualMemory,NtAllocateVirtualMemory,NtDeleteFile,NtFreeVirtualMemoryCount,NtFreeUserPhysicalPagesCount,NtQueryVirtualMemoryCount,NtCeateKeyCount,NtDeleteKeyCount,NtRenameKeyCount,NtSetValueKeyCount,NtSaveKeyCount,NtOpenFileCount,NtReadFileCount,NtWriteFileCount,NtDeviceIoControlFileCount,NtQueryInformationFileCount,NtSetInformationFileCount,VirtualAllocCount,VirtualAllocCount,VirtulProtectCount,Process32NextCount,Process32FirstCount,Process32FirstWCount,ExceptionHandler,Single step exception,Unaligned memory access,OnContextChanged,Child Process,TLS key,fastprox,GlobalMemoryStatus,EnumProcesses or K32EnumProcesses,NtQuerySystemInformation ImageName,NtQuerySystemInformation ImageName exit,IsDebuggerPresent,IsRemoteDebuggerPresent,NtQueryInformationProcess_Class,NtQueryInformationProcess,NtQueryInformationProcess exit,NtQueryPerformanceCounter,GetAdaptersAddresses,NtUserFindWindowEx,VirtualAlloc_WriteWatch,VirtualAlloc,VirtualProtect,VirtualProtect Page Guard,VirtualQuery,Process32Next,Process32First,Process32FirstW,GetAdaptersInfo,FindWindowHook,FindWindow,FindWindow path2,WNetGetProviderName,WNetGetProviderName Hit,GetTickCount,SetTimer,WaitForSingleObject,GetUsernameEntry,GetUsernameExit,EnumServicesStatusEx,Strategy for EnumServicesStatusEx,EnumServicesStatusEx entry,IcmpCreateFile,IcmpSendEchoHook,GetDiskFreeSpace,FindFirstFile,FindFirstFile Hit,_popenHook,Popen value is,LoadLibraryA,LoadLibraryA Hit,LoadLibraryW,LoadLibraryW Hit,GetDeviceDriverBaseName,GetWindowText,GetModuleFileName,GetModuleFileName exit,GetModuleFileName exit1,GetModuleFileName exit2,SetupDiGetDeviceRegistryProperty,NtCloseHandle exit,GetCursorHook,GetCursorPos exit,GetKeyboardLayout,GetSystemInfo,GetPwrCapabilities,WMIQuery,WMIPatch,WMIPatch n1.n2.n3WMIQuery exit,ChangeServiceConfigW,GetEnv,InitiateSystemShutdownExW,GetProcAddr,GetProcAddr Hit,GetModuleHandleA Hit,GetModuleHandleW Hit,WMIExecQuery,Floating point save operation one,Floating point save operation two,POPFD,RTDCS,CPUID,CPUID 0x4,INT 2D,"IN eax, dx",HLT,NtDelayExecution,NtQueryDirectoryObject,NtQueryDirectoryObject Hit,NtOpenKey,NtOpenKey Hit,NtCreateFile,NtCreateFile Exit,NtEnumerateKey,NtEnumerateKey Hit,NtQueryValueKey,NtQueryValueKey Hit,NtQueryAttributesFile,NtQueryAttributesFile Hit,NtQueryObject,NtUserEnumDisplayDevices,NtUserEnumDisplayDevices Hit,NtUserFindWindowEx,NtUserFindWindowEx path1,NtUserFindWindowEx path2,MUTEX
6057b19975818ff4487ee62d5341834c53ab80a507949a52422ab37c7c46b7a1.json,272,455083,11,274,59,0,1,0,33,7,0,0,1,0,74,0,0,0,2,0,0,0,0,0,0,0,0,0,0,0,0,0,0,0,0,0,0,0,0,22,44,22,37,0,0,0,10,0,0,0,5,0,0,2,0,0,0,0,0,19,0,29,0,0,0,0,0,0,0,2,0,0,0,0,10,0,37,0,0,0,21,0,0,0,0,0,0,0,3,7,0,0,0,0,0,0,0,0,0,0,0,0,0,0,4,155,68,0,0,0,0,0,0,0,288,0,20,0,6,0,410,1,38,0,0,0,0,0,0,0,3
a4b790ddffb3d2e6691dcacae08fb0bfa1ae56b6c73d70688b097ffa831af064.json,424,579221,8,299,53,0,20,0,33,7,0,0,11,0,88,0,0,0,15,0,0,0,0,0,0,0,0,0,0,0,0,0,0,0,0,0,0,0,0,41,100,50,36,0,0,0,8,0,0,0,4,0,0,2,0,0,0,0,0,0,0,199,0,0,0,0,0,0,0,8,334,0,0,0,3,0,48,0,0,0,30,2,0,0,0,0,0,0,3,11,0,0,0,0,0,0,0,0,0,0,0,0,0,0,2,128,92,0,0,0,0,0,0,0,482,0,33,0,18,0,572,1,83,0,0,0,0,0,0,0,8
65495d173e305625696051944a36a031ea94bb3a4f13034d8be740982bc4ab75.json,428,578660,10,299,54,0,22,0,33,7,0,0,11,0,88,0,0,0,15,0,0,0,0,0,0,0,0,0,0,0,0,0,0,0,0,0,0,0,0,41,100,50,36,0,0,0,8,0,0,0,4,0,0,2,0,0,0,0,0,0,0,205,0,0,0,0,0,0,0,8,334,0,0,0,3,0,48,0,0,0,30,2,0,0,0,0,0,0,3,11,0,0,0,0,0,0,0,0,0,0,0,0,0,0,2,128,92,0,0,0,0,0,0,0,482,0,33,0,18,0,572,1,85,0,0,0,0,0,0,0,8
58d8e65976b53b77645c248bfa18c3b87a6ecfb02f306fe6ba4944db96a5ede2.json,418,576701,9,299,54,0,16,0,33,7,0,0,11,0,82,0,0,0,13,0,0,0,0,0,0,0,0,0,0,0,0,0,0,0,0,0,0,0,0,38,94,47,36,0,0,0,8,0,0,0,4,0,0,2,0,0,0,0,0,0,0,199,0,0,0,0,0,0,0,2,228,0,0,0,3,0,48,0,0,0,30,2,0,0,0,0,0,0,3,11,0,0,0,0,0,0,0,0,0,0,0,0,0,0,2,131,92,0,0,0,0,0,0,0,482,0,33,0,18,0,572,1,81,0,0,0,0,0,0,0,8
