Filename,File Size (kB),Opcodes,Threads,NtProtectVirtualMemory,NtAllocateVirtualMemory,NtDeleteFile,NtFreeVirtualMemoryCount,NtFreeUserPhysicalPagesCount,NtQueryVirtualMemoryCount,NtCeateKeyCount,NtDeleteKeyCount,NtRenameKeyCount,NtSetValueKeyCount,NtSaveKeyCount,NtOpenFileCount,NtReadFileCount,NtWriteFileCount,NtDeviceIoControlFileCount,NtQueryInformationFileCount,NtSetInformationFileCount,VirtualAllocCount,VirtualAllocCount,VirtulProtectCount,Process32NextCount,Process32FirstCount,Process32FirstWCount,ExceptionHandler,Single step exception,Unaligned memory access,OnContextChanged,Child Process,TLS key,fastprox,GlobalMemoryStatus,EnumProcesses or K32EnumProcesses,NtQuerySystemInformation ImageName,NtQuerySystemInformation ImageName exit,IsDebuggerPresent,IsRemoteDebuggerPresent,NtQueryInformationProcess_Class,NtQueryInformationProcess,NtQueryInformationProcess exit,NtQueryPerformanceCounter,GetAdaptersAddresses,NtUserFindWindowEx,VirtualAlloc_WriteWatch,VirtualAlloc,VirtualProtect,VirtualProtect Page Guard,VirtualQuery,Process32Next,Process32First,Process32FirstW,GetAdaptersInfo,FindWindowHook,FindWindow,FindWindow path2,WNetGetProviderName,WNetGetProviderName Hit,GetTickCount,SetTimer,WaitForSingleObject,GetUsernameEntry,GetUsernameExit,EnumServicesStatusEx,Strategy for EnumServicesStatusEx,EnumServicesStatusEx entry,IcmpCreateFile,IcmpSendEchoHook,GetDiskFreeSpace,FindFirstFile,FindFirstFile Hit,_popenHook,Popen value is,LoadLibraryA,LoadLibraryA Hit,LoadLibraryW,LoadLibraryW Hit,GetDeviceDriverBaseName,GetWindowText,GetModuleFileName,GetModuleFileName exit,GetModuleFileName exit1,GetModuleFileName exit2,SetupDiGetDeviceRegistryProperty,NtCloseHandle exit,GetCursorHook,GetCursorPos exit,GetKeyboardLayout,GetSystemInfo,GetPwrCapabilities,WMIQuery,WMIPatch,WMIPatch n1.n2.n3WMIQuery exit,ChangeServiceConfigW,GetEnv,InitiateSystemShutdownExW,GetProcAddr,GetProcAddr Hit,GetModuleHandleA Hit,GetModuleHandleW Hit,WMIExecQuery,Floating point save operation one,Floating point save operation two,POPFD,RTDCS,CPUID,CPUID 0x4,INT 2D,"IN eax, dx",HLT,NtDelayExecution,NtQueryDirectoryObject,NtQueryDirectoryObject Hit,NtOpenKey,NtOpenKey Hit,NtCreateFile,NtCreateFile Exit,NtEnumerateKey,NtEnumerateKey Hit,NtQueryValueKey,NtQueryValueKey Hit,NtQueryAttributesFile,NtQueryAttributesFile Hit,NtQueryObject,NtUserEnumDisplayDevices,NtUserEnumDisplayDevices Hit,NtUserFindWindowEx,NtUserFindWindowEx path1,NtUserFindWindowEx path2,MUTEX
07b2d21f4ef077ccf16935e44864b96fa039f2e88c73b518930b6048f6baad74.json,3605,497598,11,297,65,0,14,0,30,11,0,0,0,0,40,0,0,0,3,0,4,2,0,0,0,0,0,0,0,0,0,0,0,0,0,0,0,1,0,41,82,41,39,38,0,0,9,0,0,3,4,0,0,2,0,0,0,0,0,0,0,15,0,0,0,0,0,0,0,0,4372,0,0,0,8,0,35,0,0,1,45,5,0,0,0,0,0,0,9,13,0,0,0,0,0,0,0,0,0,0,0,0,0,0,3,30,83,0,0,0,0,0,0,0,212,0,17,0,4,0,335,0,39,0,0,0,0,0,0,0,2
eae62bb4110bcd00e9d1bcaba9000defcda3d1ab832fa2634d928559d066cb15.json,812,434657,7,258,447,0,396,0,16,0,0,0,0,0,64,0,0,0,4,0,4,2,0,0,0,0,0,0,0,0,0,0,0,0,0,0,0,1,0,31,78,39,34,0,0,0,9,0,0,1,4,0,0,0,0,0,0,0,0,0,7,3,0,0,0,0,0,0,0,0,0,0,0,0,8,0,24,0,0,8,67,5,0,0,0,0,0,0,16,4,0,0,0,0,0,0,0,0,0,0,0,0,0,0,2,15,70,0,0,0,0,0,0,0,108,0,6,0,2,0,52,0,118,42,0,0,0,0,0,0,8
a4165ae334a45cd8cf05b1659650d61380854fe3e8369df4cfd47cdb71596303.json,6497,1100092,13,564,111,0,47,0,70,1,0,0,8,0,139,0,0,0,112,0,3,3,0,0,0,0,0,0,0,0,0,0,0,0,0,0,0,11,0,93,214,107,67,0,2,0,8,0,0,1,4,0,0,0,0,1,0,0,0,1,4,5119,0,0,0,0,0,0,0,2,22,0,0,0,13,0,100,0,0,7,62,4,0,0,0,11,0,0,26,23,0,0,0,0,0,0,0,0,0,0,0,0,0,0,4,44,124,0,0,0,0,0,0,0,1507,0,63,0,16,0,1054,2,107,1,1,0,0,2,0,0,22
f36a0ee7f4ec23765bb28fbfa734e402042278864e246a54b8c4db6f58275662.json,4824,217277,7,86,114,0,2,0,23,0,0,0,0,0,30,0,0,0,2,0,174,87,0,0,0,0,0,0,0,0,0,0,0,0,0,0,0,1,0,9,20,10,12,0,0,0,14,0,0,4,7,0,0,0,0,0,0,0,0,0,0,3,0,0,0,0,0,0,0,0,0,0,0,0,12,0,24,0,0,0,9,1,0,0,0,0,0,0,0,7,0,0,0,0,0,0,0,0,0,0,0,0,0,0,4,6,33,0,0,0,0,0,0,0,78,0,8,0,2,0,161,0,9,0,3,0,0,0,0,0,1
ee7cfc55a49b2e9825a393a94b0baad18ef5bfced67531382e572ef8a9ecda4b.json,3519,535730,9,312,62,0,14,0,60,12,0,0,0,0,53,0,0,0,3,0,4,2,0,0,0,0,0,0,0,0,0,0,0,0,0,0,0,1,0,42,84,42,43,38,0,0,9,0,0,3,4,0,0,2,0,0,0,0,0,0,0,21,0,0,0,0,0,0,0,0,4380,0,0,0,8,0,47,0,0,1,46,5,0,0,0,0,0,0,9,13,0,0,0,0,0,0,0,0,0,0,0,0,0,0,3,44,95,0,0,0,0,0,0,0,217,0,23,0,4,0,337,0,51,0,0,0,0,0,0,0,2
e5c85df9a9b6f84f76c64b41c07a4f52f16a373eae80c713765a5cf43ced3e8d.json,6497,1100450,13,564,142,0,49,0,70,1,0,0,8,0,138,0,0,0,112,0,3,3,0,0,0,0,0,0,0,0,0,0,0,0,0,0,0,11,0,93,214,107,67,0,2,0,8,0,0,1,4,0,0,0,0,1,0,0,0,1,4,5231,0,0,0,0,0,0,0,2,22,0,0,0,13,0,100,0,0,7,62,4,0,0,0,11,0,0,26,23,0,0,0,0,0,0,0,0,0,0,0,0,0,0,4,43,124,0,0,0,0,0,0,0,1507,0,63,0,16,0,1054,2,107,1,1,0,0,2,0,0,22
