Filename,File Size (kB),Opcodes,Threads,NtProtectVirtualMemory,NtAllocateVirtualMemory,NtDeleteFile,NtFreeVirtualMemoryCount,NtFreeUserPhysicalPagesCount,NtQueryVirtualMemoryCount,NtCeateKeyCount,NtDeleteKeyCount,NtRenameKeyCount,NtSetValueKeyCount,NtSaveKeyCount,NtOpenFileCount,NtReadFileCount,NtWriteFileCount,NtDeviceIoControlFileCount,NtQueryInformationFileCount,NtSetInformationFileCount,VirtualAllocCount,VirtualAllocCount,VirtulProtectCount,Process32NextCount,Process32FirstCount,Process32FirstWCount,ExceptionHandler,Single step exception,Unaligned memory access,OnContextChanged,Child Process,TLS key,fastprox,GlobalMemoryStatus,EnumProcesses or K32EnumProcesses,NtQuerySystemInformation ImageName,NtQuerySystemInformation ImageName exit,IsDebuggerPresent,IsRemoteDebuggerPresent,NtQueryInformationProcess_Class,NtQueryInformationProcess,NtQueryInformationProcess exit,NtQueryPerformanceCounter,GetAdaptersAddresses,NtUserFindWindowEx,VirtualAlloc_WriteWatch,VirtualAlloc,VirtualProtect,VirtualProtect Page Guard,VirtualQuery,Process32Next,Process32First,Process32FirstW,GetAdaptersInfo,FindWindowHook,FindWindow,FindWindow path2,WNetGetProviderName,WNetGetProviderName Hit,GetTickCount,SetTimer,WaitForSingleObject,GetUsernameEntry,GetUsernameExit,EnumServicesStatusEx,Strategy for EnumServicesStatusEx,EnumServicesStatusEx entry,IcmpCreateFile,IcmpSendEchoHook,GetDiskFreeSpace,FindFirstFile,FindFirstFile Hit,_popenHook,Popen value is,LoadLibraryA,LoadLibraryA Hit,LoadLibraryW,LoadLibraryW Hit,GetDeviceDriverBaseName,GetWindowText,GetModuleFileName,GetModuleFileName exit,GetModuleFileName exit1,GetModuleFileName exit2,SetupDiGetDeviceRegistryProperty,NtCloseHandle exit,GetCursorHook,GetCursorPos exit,GetKeyboardLayout,GetSystemInfo,GetPwrCapabilities,WMIQuery,WMIPatch,WMIPatch n1.n2.n3WMIQuery exit,ChangeServiceConfigW,GetEnv,InitiateSystemShutdownExW,GetProcAddr,GetProcAddr Hit,GetModuleHandleA Hit,GetModuleHandleW Hit,WMIExecQuery,Floating point save operation one,Floating point save operation two,POPFD,RTDCS,CPUID,CPUID 0x4,INT 2D,"IN eax, dx",HLT,NtDelayExecution,NtQueryDirectoryObject,NtQueryDirectoryObject Hit,NtOpenKey,NtOpenKey Hit,NtCreateFile,NtCreateFile Exit,NtEnumerateKey,NtEnumerateKey Hit,NtQueryValueKey,NtQueryValueKey Hit,NtQueryAttributesFile,NtQueryAttributesFile Hit,NtQueryObject,NtUserEnumDisplayDevices,NtUserEnumDisplayDevices Hit,NtUserFindWindowEx,NtUserFindWindowEx path1,NtUserFindWindowEx path2,MUTEX
eb3f700f8de227faa4c7fe679f5280203b709f5b88a1267f53167864158aca1d.json,133,446443,0,0,0,0,0,0,0,0,0,0,0,0,0,0,0,0,0,0,0,0,0,0,0,0,0,0,0,0,0,0,1,0,0,159,4,0,0,24,48,24,39,0,0,0,0,8,0,0,0,0,0,0,0,0,0,0,0,0,0,36,0,0,0,0,0,0,0,0,0,0,0,0,98,0,77,0,0,0,58,13,0,0,0,0,0,0,3,10,0,0,0,0,0,0,0,0,0,0,0,0,0,0,2,5,66,0,0,0,0,0,0,0,552,0,16,0,4,0,240,1,35,0,2,0,0,0,0,0,7
840af927adbfdeb7070e1cf73ed195cf48c8d5f35b6de12f58b73898d7056d3d.json,71,936419,18,426,290,0,21,0,56,57,0,0,3,0,901,0,0,0,2051,0,0,0,0,0,0,0,0,0,0,0,0,0,0,0,0,156,4,55,0,2102,4208,2104,43,0,2,0,14,0,0,0,7,0,0,0,1,2,0,0,0,0,0,2643,0,0,0,0,0,0,0,2,624,0,0,0,9,0,782,0,0,0,1308,0,0,0,0,4,0,0,10,12,0,0,0,0,0,0,0,0,0,0,0,0,0,0,3,173,94,0,0,0,0,0,0,0,45070,0,2560,0,183,0,7084,2,68,0,3,0,0,2,0,0,13
e22ff5594ab357da993651bf7decf035400d42bf37cca943495e1ac9bd7721c4.json,182,448062,0,0,0,0,0,0,0,0,0,0,0,0,0,0,0,0,0,0,0,0,0,0,0,0,0,0,0,0,0,0,1,0,0,165,4,0,0,24,48,24,39,0,0,0,0,8,0,0,0,0,0,0,0,0,0,0,0,0,0,35,0,0,0,0,0,0,0,0,0,0,0,0,98,0,87,0,0,0,58,13,0,0,0,0,0,0,3,10,0,0,0,0,0,0,0,0,0,0,0,0,0,0,2,8,65,0,0,0,0,0,0,0,535,0,16,0,4,0,206,1,35,0,2,0,0,0,0,0,7
7f6dbd9fa0cb7ba2487464c824b6d7e16ace9d4cd15e4452df4c9a9fd6bd1907.json,176,451890,0,0,0,0,0,0,0,0,0,0,0,0,0,0,0,0,0,0,0,0,0,0,0,0,0,0,0,0,0,0,1,0,0,164,4,0,0,25,50,25,39,0,0,0,0,8,0,0,0,0,0,0,0,0,0,0,0,0,0,36,0,0,0,0,0,0,0,0,0,0,0,0,98,0,87,0,0,0,58,13,0,0,0,0,0,0,3,10,0,0,0,0,0,0,0,0,0,0,0,0,0,0,2,7,65,0,0,0,0,0,0,0,557,0,16,0,4,0,255,1,35,0,2,0,0,0,0,0,7
d7573284c29cf5f68bb64860f1be0a696c852678fac36f176fd88f555ed853f2.json,210,470525,0,0,0,0,0,0,0,0,0,0,0,0,0,0,0,0,0,0,0,0,0,0,0,0,0,0,0,0,0,0,1,0,0,161,4,0,0,26,52,26,44,0,0,0,0,8,0,0,0,0,0,0,0,0,0,0,0,0,0,40,0,0,0,0,0,0,0,0,0,0,0,0,126,0,108,0,0,0,58,13,0,0,0,0,0,0,3,12,0,0,0,0,0,0,0,0,0,0,0,0,0,0,2,10,71,0,0,0,0,0,0,0,570,0,17,0,4,0,352,1,41,0,2,0,0,0,0,0,7
c0a2e1ecf57ee83b649f1d8ff8dd37049865edc8b9a837f3b4ebb5e767229c23.json,110,312489,15,222,164,0,12,0,27,8,0,0,0,0,6940,0,0,0,2,0,8,4,0,0,0,0,0,0,0,0,0,0,0,0,0,0,0,0,0,19,40,19,33,0,0,0,10,0,0,0,5,0,0,1,0,0,0,0,0,0,0,518,0,0,0,0,0,0,0,0,158767,9,0,0,6,0,41,0,0,0,13,1,0,0,0,0,0,0,3,3,0,0,0,0,0,0,0,0,0,0,0,0,0,0,2,9,49,0,0,0,0,0,0,0,142,0,263,0,2,0,319,0,26,0,0,0,0,0,0,0,1
ea4170be281262d89d924959b4db36ba239395dd5d2dc769fbb7f7238adc67e5.json,180,451273,0,0,0,0,0,0,0,0,0,0,0,0,0,0,0,0,0,0,0,0,0,0,0,0,0,0,0,0,0,0,1,0,0,163,4,0,0,24,48,24,39,0,0,0,0,8,0,0,0,0,0,0,0,0,0,0,0,0,0,36,0,0,0,0,0,0,0,0,0,0,0,0,98,0,87,0,0,0,58,13,0,0,0,0,0,0,3,10,0,0,0,0,0,0,0,0,0,0,0,0,0,0,2,7,65,0,0,0,0,0,0,0,553,0,16,0,4,0,240,1,35,0,2,0,0,0,0,0,7
004ede55a972e10d9a21bcf338b4907d6eed65bf5ad6abbbd5aec7d8484bdedf.json,101,73492,71,220,7316,0,7192,0,4,176,8,0,47,0,25919,0,0,0,141438,0,64,32,0,0,0,155,0,0,0,0,0,0,0,0,0,7203,184,0,0,44,90,45,0,0,0,0,2,0,0,0,1,0,0,0,0,0,0,0,0,0,0,122,0,0,28,0,0,0,0,0,60873,11,0,0,0,0,4,0,0,0,16,0,0,0,0,7,0,0,7,0,0,0,0,0,0,0,0,0,0,0,0,0,0,0,0,37,0,0,0,0,0,0,0,0,18,0,18766,5,0,0,179,0,15245,58,0,0,0,0,0,0,14
6c2b5abc372e31cd7f8da045400abc0b10149f4f7b7def48a6bf9d0071f805d2.json,435,83902,0,0,0,0,0,0,0,0,0,0,0,0,0,0,0,0,0,0,0,0,0,0,0,0,0,0,0,0,0,0,0,0,0,0,0,0,0,6,15,7,1,0,0,0,0,0,0,0,0,0,0,0,0,0,0,0,0,0,0,0,0,0,0,0,0,0,0,0,0,0,0,0,0,0,2,0,0,0,5,0,0,0,0,0,0,0,0,0,0,0,0,0,0,0,0,0,0,0,0,0,0,0,0,0,2,0,0,0,0,0,0,0,35,0,4,0,2,0,16,0,1,0,0,0,0,0,0,0,1
eae876886f19ba384f55778634a35a1d975414e83f22f6111e3e792f706301fe.json,101,70983,71,220,6887,0,6744,0,4,176,8,0,47,0,25919,0,0,0,141438,0,64,32,0,0,0,163,0,0,0,0,0,0,0,0,0,7626,184,0,0,42,84,42,0,0,0,0,2,0,0,0,1,0,0,0,0,0,0,0,0,0,0,118,0,0,28,0,0,0,0,0,62296,12,0,0,0,0,4,0,0,0,16,0,0,0,0,7,0,0,8,0,0,0,0,0,0,0,0,0,0,0,0,0,0,0,0,30,0,0,0,0,7,0,0,0,17,0,18846,5,0,0,179,0,15236,58,0,0,0,0,0,0,14
9aed278f54f65e546fb9f7f34dff26d0835a0a21a5a4fc4c026bf84596ed277e.json,108,294084,15,222,122,0,10,0,3,8,0,0,0,0,3995,0,0,0,2,0,8,4,0,0,0,0,0,0,0,0,0,0,0,0,0,0,0,0,0,19,40,19,33,0,0,0,6,0,0,0,3,0,0,1,0,0,0,0,0,0,0,518,0,0,0,0,0,0,0,0,123429,9,0,0,5,0,37,0,0,0,14,1,0,0,0,0,0,0,3,3,0,0,0,0,0,0,0,0,0,0,0,0,0,0,2,12,49,0,0,0,0,0,0,0,141,0,262,0,2,0,319,0,24,0,0,0,0,0,0,0,1
f725792a5ef0512f3c5356d79fb3be5afcbaffaa4af41498342f7d09d703761f.json,718,348456,0,0,0,0,0,0,0,0,0,0,0,0,0,0,0,0,0,0,0,0,0,0,0,0,0,0,0,0,0,0,0,0,0,0,0,1,0,14,28,14,43,0,0,0,0,8,0,0,0,0,0,0,0,0,0,0,0,1,0,12,0,0,0,0,0,0,0,0,0,0,0,0,891,0,1676,0,0,0,54,12,0,0,0,0,0,0,3,6,0,0,0,0,0,0,0,0,0,0,0,0,0,0,2,14,79,0,0,0,0,0,0,0,157,0,35,0,2,0,306,0,9241,800,0,0,0,0,0,0,8
4d8fcd9492a256c0cb9567e63b53b75c2a591f5eebe7293298239736034b742a.json,196,737703,18,432,2051,0,2027,0,42,767,32,0,189,0,50325,0,0,0,144714,0,8,4,0,0,0,158,0,0,0,0,0,0,1,0,0,46269,1192,2,0,313,696,347,55,0,0,0,8,0,0,0,4,0,0,1,0,0,0,0,0,0,0,1299,0,0,184,0,0,0,0,0,362024,22,0,0,11,0,119,0,0,0,90,2,0,0,0,3,0,0,8,12,0,0,0,0,0,0,0,0,0,0,0,0,0,0,2,224,88,0,0,0,0,0,0,0,917,0,91119,45,4,0,1665,13,174040,604,2,0,0,0,0,0,74
59a9f0de96eff57768e995b296ae75778a232f30d95a7b7ab5048c621b50c66d.json,340,219422,5,163,33,0,2,0,0,0,0,0,0,0,35,0,0,0,2,0,4,2,5,0,0,0,0,0,0,0,0,0,0,0,0,0,0,0,0,15,32,15,25,0,0,0,7,1,0,0,3,0,0,0,0,0,0,0,0,0,0,1,0,0,0,0,0,0,0,0,0,0,0,0,7,0,31,0,0,0,21,1,0,0,0,0,0,0,3,4,0,0,0,0,0,0,0,0,0,0,0,0,0,0,4,6,69,0,0,0,0,0,0,0,73,0,4,0,2,0,27,0,10,0,0,0,0,0,0,0,2
d21c71a090cd6759efc1f258b4d087e82c281ce65a9d76f20a24857901e694fc.json,322,134923,5,70,23,0,1,0,3,0,0,0,0,0,15,0,0,0,2,0,0,0,1,0,0,0,0,0,0,0,0,0,0,0,0,0,0,0,0,200773,401546,200773,8,0,0,0,14,1,0,0,7,0,0,0,0,0,0,0,0,0,0,0,0,0,0,0,0,0,0,0,0,0,0,0,0,0,11,0,0,0,12,1,0,0,0,0,0,0,3,0,0,0,0,0,0,0,0,0,0,0,0,0,0,0,2,1,23,0,0,0,0,0,0,0,46,0,4,0,2,0,19,0,2,0,0,0,0,0,0,0,1
8f11bb9536cb885bc57144392bc35e19dbc0f683d57c2c423c87a9d1c6d9d0ae.json,210,490762,0,0,0,0,0,0,0,0,0,0,0,0,0,0,0,0,0,0,0,0,0,0,0,0,0,0,0,0,0,0,1,0,0,164,4,0,0,26,52,26,47,0,0,0,0,8,0,0,0,0,0,1,0,0,0,0,0,0,0,41,0,0,0,0,0,0,0,0,0,0,0,0,128,0,111,0,0,0,58,13,0,0,0,0,0,0,3,12,0,0,0,0,0,0,0,0,0,0,0,0,0,0,2,6,71,0,0,0,0,0,0,0,591,0,18,0,4,0,450,1,43,0,2,0,0,0,0,0,7
b68f76d17c4343e1a3a709c09d37a5e069ce1aec55dcb1861b2af79cc1aef47b.json,212,451513,0,0,0,0,0,0,0,0,0,0,0,0,0,0,0,0,0,0,0,0,0,0,0,0,0,0,0,0,0,0,1,0,0,169,4,0,0,24,48,24,39,0,0,0,0,8,0,0,0,0,0,0,0,0,0,0,0,0,0,36,0,0,0,0,0,0,0,0,0,0,0,0,118,0,97,0,0,0,58,13,0,0,0,0,0,0,3,10,0,0,0,0,0,0,0,0,0,0,0,0,0,0,2,5,65,0,0,0,0,0,0,0,553,0,16,0,4,0,240,1,35,0,2,0,0,0,0,0,7
d16645bce49ea342c4b4f5afa3f711bf0a3986a4a7354f96f24a21f161fff7cb.json,196,743688,17,432,1753,0,1684,0,39,551,23,0,135,0,27509,0,0,0,79658,0,8,4,0,0,0,160,0,0,0,0,0,0,1,0,0,45212,1120,2,0,277,616,307,55,0,0,0,4,0,0,0,2,0,0,1,0,0,0,0,0,0,0,1243,0,0,172,0,0,0,0,0,247625,13,0,0,11,0,111,0,0,0,86,2,0,0,0,3,0,0,8,12,0,0,0,0,0,0,0,0,0,0,0,0,0,0,2,210,88,0,0,0,0,0,0,0,910,0,62509,45,4,0,1595,13,117253,522,2,0,0,0,0,0,70
3e035f2d7d30869ce53171ef5a0f761bfb9c14d94d9fe6da385e20b8d96dc2fb.json,71,936761,19,423,288,0,21,0,56,57,0,0,3,0,902,0,0,0,2052,0,0,0,0,0,0,0,0,0,0,0,0,0,0,0,0,165,4,55,0,2102,4208,2104,43,0,2,0,14,0,0,0,7,0,0,0,1,2,0,0,0,0,0,2647,0,0,0,0,0,0,0,2,624,0,0,0,9,0,783,0,0,0,1308,0,0,0,0,4,0,0,9,12,0,0,0,0,0,0,0,0,0,0,0,0,0,0,3,174,94,0,0,0,0,0,0,0,45186,0,2560,0,183,0,7108,2,68,0,3,0,0,2,0,0,13
2ee6dfbfb2afd7442c9f2212eb142876698851c3ffb552ee420c0281e35a836e.json,5006,940707,18,422,300,0,21,0,56,61,0,0,3,0,948,0,0,0,2064,0,0,0,0,0,0,0,0,0,0,0,0,0,0,0,0,158,4,62,0,2103,4210,2105,43,0,2,0,14,0,0,0,7,0,0,0,1,2,0,0,0,0,0,2712,0,0,0,0,0,0,0,2,624,0,0,0,9,0,823,0,0,0,1308,0,0,0,0,4,0,0,9,12,0,0,0,0,0,0,0,0,0,0,0,0,0,0,3,197,94,0,0,0,0,0,0,0,45682,0,2560,0,183,0,7200,2,68,0,3,0,0,2,0,0,13
702099b63cb2384e11f088d6bc33afbd43a4c91848f393581242a6a17f1b30a0.json,212,475505,0,0,0,0,0,0,0,0,0,0,0,0,0,0,0,0,0,0,0,0,0,0,0,0,0,0,0,0,0,0,1,0,0,162,4,0,0,26,52,26,44,0,0,0,0,8,0,0,0,0,0,0,0,0,0,0,0,0,0,40,0,0,0,0,0,0,0,0,0,0,0,0,126,0,110,0,0,0,57,13,0,0,0,0,0,0,3,12,0,0,0,0,0,0,0,0,0,0,0,0,0,0,2,7,71,0,0,0,0,0,0,0,570,0,17,0,4,0,352,1,41,0,2,0,0,0,0,0,7
de10ae21bb262728c616a707f90aa05088c9d8f2b810fc0f2fb1bddcf9aba938.json,202,724954,18,446,1435,0,1394,0,42,407,17,0,99,0,24252,0,0,0,71569,0,8,4,0,0,0,164,0,0,0,0,0,0,1,0,0,24232,580,2,0,207,448,223,55,0,0,0,4,0,0,0,2,0,0,1,0,0,0,0,0,0,0,996,0,0,94,0,0,0,0,0,169177,9,0,0,11,0,99,0,0,0,60,2,0,0,0,3,0,0,8,12,0,0,0,0,0,0,0,0,0,0,0,0,0,0,2,131,88,0,0,0,0,0,0,0,879,0,43914,41,4,0,1150,13,85153,472,2,0,0,0,0,0,44
fbe45ed19fa942cc5e767acc0ef638447c4aa4b52d4900627a0a0ae71d543bee.json,210,457714,0,0,0,0,0,0,0,0,0,0,0,0,0,0,0,0,0,0,0,0,0,0,0,0,0,0,0,0,0,0,1,0,0,156,4,0,0,26,52,26,39,0,0,0,0,8,0,0,0,0,0,0,0,0,0,0,0,0,0,38,0,0,0,0,0,0,0,0,0,0,0,0,120,0,98,0,0,0,58,13,0,0,0,0,0,0,3,12,0,0,0,0,0,0,0,0,0,0,0,0,0,0,2,5,65,0,0,0,0,0,0,0,564,0,16,0,4,0,343,1,35,0,2,0,0,0,0,0,7
bcf49782d7dc8c7010156b31d3d56193d751d0dbfa2abbe7671bcf31f2cb190a.json,226,451751,0,0,0,0,0,0,0,0,0,0,0,0,0,0,0,0,0,0,0,0,0,0,0,0,0,0,0,0,0,0,1,0,0,162,4,0,0,24,48,24,39,0,0,0,0,8,0,0,0,0,0,0,0,0,0,0,0,0,0,35,0,0,0,0,0,0,0,0,0,0,0,0,118,0,97,0,0,0,58,13,0,0,0,0,0,0,3,10,0,0,0,0,0,0,0,0,0,0,0,0,0,0,2,11,65,0,0,0,0,0,0,0,537,0,16,0,4,0,209,1,35,0,2,0,0,0,0,0,7
1ce8a939b3e7d84c59c12dc9e1091532f4336dac533847b6533b01d9dcf494e9.json,190,774431,21,432,1719,0,1654,0,39,551,23,0,135,0,51823,0,0,0,146773,0,8,4,0,0,0,156,0,0,0,0,0,0,1,0,0,31228,796,2,0,291,632,316,55,0,0,0,10,0,0,0,5,0,0,1,0,0,0,0,0,0,0,1146,0,0,130,0,0,0,0,0,381917,23,0,0,11,0,120,0,0,0,74,2,0,0,0,3,0,0,9,12,0,0,0,0,0,0,0,0,0,0,0,0,0,0,2,178,88,0,0,0,0,0,0,0,910,0,97834,45,4,0,1370,13,186316,728,2,0,0,0,0,0,56
53b1c1b2f41a7fc300e97d036e57539453ff82001dd3f6abf07f4896b1f9ca22.json,190,450713,0,0,0,0,0,0,0,0,0,0,0,0,0,0,0,0,0,0,0,0,0,0,0,0,0,0,0,0,0,0,1,0,0,160,4,0,0,26,52,26,39,0,0,0,0,8,0,0,0,0,0,0,0,0,0,0,0,0,0,38,0,0,0,0,0,0,0,0,0,0,0,0,120,0,101,0,0,0,57,13,0,0,0,0,0,0,3,12,0,0,0,0,0,0,0,0,0,0,0,0,0,0,2,7,65,0,0,0,0,0,0,0,564,0,16,0,4,0,343,1,36,0,2,0,0,0,0,0,7
7ca57576c6a2d7dbf49faeafd4804c6b86d9af7fff1390c58a30eb9d9bf2fbfd.json,190,775371,19,432,2539,0,2491,0,39,743,31,0,183,0,51645,0,0,0,145909,0,8,4,0,0,0,160,0,0,0,0,0,0,1,0,0,46298,1156,2,0,291,646,323,55,0,0,0,8,0,0,0,4,0,0,1,0,0,0,0,0,0,0,1270,0,0,178,0,0,0,0,0,381585,23,0,0,11,0,116,0,0,0,90,2,0,0,0,3,0,0,9,12,0,0,0,0,0,0,0,0,0,0,0,0,0,0,2,215,88,0,0,0,0,0,0,0,917,0,97735,45,4,0,1633,13,185969,728,2,0,0,0,0,0,72
fd7caea00d7f25ea02bb9c447410659c12ca35ebbb67c95c7296e6232a08ce93.json,210,471713,0,0,0,0,0,0,0,0,0,0,0,0,0,0,0,0,0,0,0,0,0,0,0,0,0,0,0,0,0,0,1,0,0,157,4,0,0,26,52,26,44,0,0,0,0,8,0,0,0,0,0,0,0,0,0,0,0,0,0,40,0,0,0,0,0,0,0,0,0,0,0,0,126,0,108,0,0,0,58,13,0,0,0,0,0,0,3,12,0,0,0,0,0,0,0,0,0,0,0,0,0,0,2,6,71,0,0,0,0,0,0,0,570,0,17,0,4,0,352,1,41,0,2,0,0,0,0,0,7
7f6421cdf6355edfdcbddadd26bcdfbf984def301df3c6c03d71af8e30bb781f.json,226,472891,0,0,0,0,0,0,0,0,0,0,0,0,0,0,0,0,0,0,0,0,0,0,0,0,0,0,0,0,0,0,1,0,0,166,4,0,0,26,52,26,45,0,0,0,0,8,0,0,0,0,0,0,0,0,0,0,0,0,0,40,0,0,0,0,0,0,0,0,0,0,0,0,126,0,108,0,0,0,58,13,0,0,0,0,0,0,3,12,0,0,0,0,0,0,0,0,0,0,0,0,0,0,2,6,71,0,0,0,0,0,0,0,570,0,17,0,4,0,352,1,41,0,2,0,0,0,0,0,7
58ca4e482db7cf5c924256e53d8516d422e76cf4b85b43dc2b9ba0c7cb471ff7.json,196,772848,21,432,1604,0,1579,0,39,527,22,0,129,0,51792,0,0,0,146613,0,8,4,0,0,0,160,0,0,0,0,0,0,1,0,0,30994,760,2,0,275,598,299,55,0,0,0,10,0,0,0,5,0,0,1,0,0,0,0,0,0,0,1121,0,0,124,0,0,0,0,0,381855,23,0,0,11,0,116,0,0,0,72,2,0,0,0,3,0,0,9,12,0,0,0,0,0,0,0,0,0,0,0,0,0,0,2,169,88,0,0,0,0,0,0,0,905,0,97788,45,4,0,1333,13,186240,728,2,0,0,0,0,0,54
cf171b1cdce590f64c7d23c7900f7e0f66c42840c626115980df807d754552b5.json,180,454499,0,0,0,0,0,0,0,0,0,0,0,0,0,0,0,0,0,0,0,0,0,0,0,0,0,0,0,0,0,0,1,0,0,160,4,0,0,26,52,26,39,0,0,0,0,8,0,0,0,0,0,0,0,0,0,0,0,0,0,37,0,0,0,0,0,0,0,0,0,0,0,0,98,0,87,0,0,0,58,13,0,0,0,0,0,0,3,12,0,0,0,0,0,0,0,0,0,0,0,0,0,0,2,6,65,0,0,0,0,0,0,0,564,0,16,0,4,0,343,1,35,0,2,0,0,0,0,0,7
d29080809ab1fb959dbab1a1168e9b136aece03c7f91f071f7283aaa445e7eec.json,212,484801,0,0,0,0,0,0,0,0,0,0,0,0,0,0,0,0,0,0,0,0,0,0,0,0,0,0,0,0,0,0,1,0,0,160,4,0,0,26,52,26,47,0,0,0,0,8,0,0,0,0,0,0,0,0,0,0,0,0,0,40,0,0,0,0,0,0,0,0,0,0,0,0,126,0,109,0,0,0,58,13,0,0,0,0,0,0,3,12,0,0,0,0,0,0,0,0,0,0,0,0,0,0,2,8,71,0,0,0,0,0,0,0,581,0,18,0,4,0,360,1,42,0,2,0,0,0,0,0,7
746ac121ae024e51aa3129699cae278990cf392a661b40361d9d15b86635da94.json,211,467371,0,0,0,0,0,0,0,0,0,0,0,0,0,0,0,0,0,0,0,0,0,0,0,0,0,0,0,0,0,0,1,0,0,158,4,0,0,26,52,26,42,0,0,0,0,8,0,0,0,0,0,0,0,0,0,0,0,0,0,40,0,0,0,0,0,0,0,0,0,0,0,0,126,0,104,0,0,0,58,13,0,0,0,0,0,0,3,12,0,0,0,0,0,0,0,0,0,0,0,0,0,0,2,5,65,0,0,0,0,0,0,0,570,0,17,0,4,0,352,1,38,0,2,0,0,0,0,0,7
b2d3143d0778a10d5d03bb9e4d2712a980e2a8ec12d47958a8ab4b3192f4bf6a.json,388,566521,13,319,828,0,740,0,2,18,0,0,0,0,8214,0,0,0,33058,0,8,4,2,0,0,161,0,0,0,0,0,0,1,0,0,162,4,1,0,31,64,31,46,0,0,0,2,2,0,0,1,0,0,1,0,0,0,0,0,5,0,551,0,0,0,0,0,0,0,0,160739,9,0,0,177,0,140,0,0,0,25,2,0,0,0,3,0,0,3,12,0,0,0,0,0,0,0,0,0,0,0,0,0,0,2,17,76,0,0,0,0,0,0,0,612,0,42078,41,4,0,495,1,83379,470,2,0,0,0,0,0,8
e75717be1633b5e3602827dc3b5788ff691dd325b0eddd2d0d9ddcee29de364f.json,71,939592,19,424,303,0,22,0,56,57,0,0,3,0,907,0,0,0,2056,0,0,0,0,0,0,0,0,0,0,0,0,0,0,0,0,160,4,55,0,2102,4208,2104,43,0,2,0,14,0,0,0,7,0,0,0,1,2,0,0,0,0,0,2669,0,0,0,0,0,0,0,2,624,0,0,0,9,0,786,0,0,0,1308,0,0,0,0,4,0,0,9,12,0,0,0,0,0,0,0,0,0,0,0,0,0,0,3,176,94,0,0,0,0,0,0,0,45137,0,2560,0,183,0,7095,2,68,0,3,0,0,2,0,0,13
a2581ec030e1fb08e26ddc61b11445286aaf7271932146e7e1442a49fff734de.json,204,766886,20,442,2199,0,2141,0,39,767,32,0,189,0,51814,0,0,0,146763,0,8,4,0,0,0,161,0,0,0,0,0,0,1,0,0,47613,1192,2,0,309,686,343,55,0,0,0,10,0,0,0,5,0,0,1,0,0,0,0,0,0,0,1299,0,0,184,0,0,0,0,0,381909,23,0,0,9,0,119,0,0,0,92,2,0,0,0,3,0,0,9,12,0,0,0,0,0,0,0,0,0,0,0,0,0,0,2,228,88,0,0,0,0,0,0,0,923,0,97916,45,4,0,1670,13,186311,728,2,0,0,0,0,0,74
837c0f1e9749121e4f8204c2b5546964c10d4e3d85a514458c35cbc021762d5c.json,201,155463,0,0,0,0,0,0,0,0,0,0,0,0,0,0,0,0,0,0,0,0,0,0,0,0,0,0,0,0,0,0,0,0,0,0,0,0,0,10,22,10,12,0,0,0,0,0,0,0,0,0,0,0,0,0,0,0,0,0,0,1,0,0,0,0,0,0,0,0,0,0,0,0,0,0,24,0,0,0,12,1,0,0,0,0,0,0,3,0,0,0,0,0,0,0,0,0,0,0,0,0,0,0,2,1,32,0,0,0,0,0,0,0,47,0,4,0,2,0,20,0,4,0,0,0,0,0,0,0,2
4f4a33f70099855f5f503716515f388da3a5daa1e2fac59ec6c881e89ef7d072.json,5479,132311,0,0,0,0,0,0,0,0,0,0,0,0,0,0,0,0,0,0,0,0,0,0,0,0,0,0,0,0,0,0,0,0,0,0,0,0,0,6,12,6,10,0,0,0,0,0,0,0,0,0,0,0,0,0,0,0,0,0,0,0,0,0,0,0,0,0,0,0,0,0,0,0,0,0,11,0,0,0,9,0,0,0,0,0,0,0,3,0,0,0,0,0,0,0,0,0,0,0,0,0,0,2,2,4,23,0,0,0,0,0,0,0,47,0,4,0,2,0,20,0,4,0,0,0,0,0,0,0,1
05bbf1c653825b757ee73b59df45410070a28841819362462162d9547adb3d5a.json,36,70590,69,222,6332,0,6176,0,8,203,9,0,53,0,25929,0,0,0,141443,0,64,32,2,0,0,165,0,0,0,0,0,0,0,0,0,8631,208,0,0,66,134,67,0,0,0,0,4,0,0,0,2,0,0,0,0,0,0,0,0,0,0,142,0,0,32,0,0,0,0,0,61201,11,0,0,0,0,8,0,0,0,18,0,0,0,0,7,0,0,8,0,0,0,0,0,0,0,0,0,0,0,0,0,0,0,0,37,0,0,0,0,0,0,0,0,27,0,18795,5,0,0,209,0,15251,58,0,0,0,0,0,0,16
24ac73821de77cc9644d2ac40e97067ff63f625b5f20e085ad10535e47d7db59.json,1027,561189,8,195,418,0,140,0,6,2,0,0,0,0,43,0,0,0,2,0,12,6,1,0,0,156,0,0,0,0,0,0,1,0,0,157,4,0,0,31,64,31,47,0,0,0,3,0,0,0,1,0,0,1,0,0,0,0,0,0,0,374,0,0,0,0,0,0,0,0,39773,3,0,0,165,0,148,0,0,0,27,3,0,0,0,3,0,0,3,12,0,0,0,0,0,0,0,0,0,0,0,0,0,0,2,12,79,0,0,0,0,0,0,0,611,0,9486,19,4,0,499,1,20580,209,2,0,0,0,0,0,7
ef2cd9ded5532af231e0990feaf2df8fd79dc63f7a677192e17b89ef4adb7dd2.json,196,736988,17,432,1346,0,1304,0,39,479,20,0,117,0,31938,0,0,0,83416,0,8,4,0,0,0,162,0,0,0,0,0,0,1,0,0,29484,724,2,0,261,568,283,55,0,0,0,6,0,0,0,3,0,0,1,0,0,0,0,0,0,0,1094,0,0,118,0,0,0,0,0,261683,13,0,0,11,0,111,0,0,0,68,2,0,0,0,3,0,0,8,12,0,0,0,0,0,0,0,0,0,0,0,0,0,0,2,158,88,0,0,0,0,0,0,0,901,0,65186,45,4,0,1297,13,123242,535,2,0,0,0,0,0,52
6815e1e06e29863290319eb3e814ae2a394271aa2f95cc7c31a649c4c2f4fd04.json,196,740695,16,432,1234,0,1179,0,39,407,17,0,99,0,18973,0,0,0,63348,0,8,4,0,0,0,170,0,0,0,0,0,0,1,0,0,24334,580,2,0,207,448,223,55,0,0,0,4,0,0,0,2,0,0,1,0,0,0,0,0,0,0,996,0,0,94,0,0,0,0,0,169129,9,0,0,11,0,99,0,0,0,60,2,0,0,0,3,0,0,8,12,0,0,0,0,0,0,0,0,0,0,0,0,0,0,2,125,88,0,0,0,0,0,0,0,883,0,43904,41,4,0,1153,13,85141,472,2,0,0,0,0,0,44
d826f4cb8240f894e43fea3c84b14fd85be9758d7ad4eafa113ad7d45c30bc26.json,120,71177,68,220,7747,0,7583,0,4,176,8,0,47,0,25919,0,0,0,141438,0,64,32,0,0,0,153,0,0,0,0,0,0,0,0,0,7250,184,0,0,42,84,42,0,0,0,0,4,0,0,0,2,0,0,0,0,0,0,0,0,0,0,118,0,0,28,0,0,0,0,0,63014,12,0,0,0,0,4,0,0,0,16,0,0,0,0,8,0,0,7,0,0,0,0,0,0,0,0,0,0,0,0,0,0,0,0,32,0,0,0,0,0,0,0,0,17,0,18901,5,0,0,179,0,15222,58,0,0,0,0,0,0,14
d8158db5cbae0845b9ced65cc4a6581bfe08ba5361b1294b2dfb6ef4c711fd15.json,102,293022,14,227,53,0,3,0,3,8,0,0,0,0,61,0,0,0,2,0,0,0,0,0,0,0,0,0,0,0,0,0,0,0,0,0,0,0,0,15,30,15,34,0,0,0,4,0,0,0,2,0,0,1,0,0,0,0,0,0,0,518,0,0,0,0,0,0,0,0,0,0,0,0,5,0,40,0,0,0,13,1,0,0,0,0,0,0,3,3,0,0,0,0,0,0,0,0,0,0,0,0,0,0,2,17,49,0,0,0,0,0,0,0,144,0,262,0,2,0,322,0,25,0,0,0,0,0,0,0,1
d6386b2747335f7b0d13b1f69d995944ad8e9b71e09b036dbc0b907e583d857a.json,71,948503,17,423,294,0,21,0,56,57,0,0,3,0,901,0,0,0,2051,0,0,0,0,0,0,0,0,0,0,0,0,0,0,0,0,160,4,55,0,2102,4208,2104,43,0,2,0,14,0,0,0,7,0,0,0,1,2,0,0,0,0,0,2647,0,0,0,0,0,0,0,2,624,0,0,0,21,0,788,0,0,0,1309,0,0,0,0,4,0,0,10,12,0,0,0,0,0,0,0,0,0,0,0,0,0,0,3,175,94,0,0,0,0,0,0,0,45061,0,2560,0,183,0,7078,2,68,0,3,0,0,2,0,0,13
a4337294dc51518284641982a28df585ede9b5f0e3f86be3c2c6bb5ad766a50f.json,226,473024,0,0,0,0,0,0,0,0,0,0,0,0,0,0,0,0,0,0,0,0,0,0,0,0,0,0,0,0,0,0,1,0,0,167,4,0,0,26,52,26,45,0,0,0,0,8,0,0,0,0,0,0,0,0,0,0,0,0,0,40,0,0,0,0,0,0,0,0,0,0,0,0,126,0,108,0,0,0,58,13,0,0,0,0,0,0,3,12,0,0,0,0,0,0,0,0,0,0,0,0,0,0,2,6,71,0,0,0,0,0,0,0,570,0,17,0,4,0,352,1,41,0,2,0,0,0,0,0,7
c5ef104253ed4c066104a184ab368630027831b627c043d63170ff8f89c6a2bb.json,210,472753,0,0,0,0,0,0,0,0,0,0,0,0,0,0,0,0,0,0,0,0,0,0,0,0,0,0,0,0,0,0,1,0,0,165,4,0,0,26,52,26,45,0,0,0,0,8,0,0,0,0,0,0,0,0,0,0,0,0,0,40,0,0,0,0,0,0,0,0,0,0,0,0,126,0,108,0,0,0,58,13,0,0,0,0,0,0,3,12,0,0,0,0,0,0,0,0,0,0,0,0,0,0,2,10,71,0,0,0,0,0,0,0,570,0,17,0,4,0,352,1,41,0,2,0,0,0,0,0,7
4bfd58d4e4a6fe5e91b408bc190a24d352124902085f9c2da948ad7d79b72618.json,196,778878,21,432,1564,0,1509,0,39,527,22,0,129,0,51800,0,0,0,146653,0,8,4,0,0,0,160,0,0,0,0,0,0,1,0,0,30746,760,2,0,275,598,299,55,0,0,0,10,0,0,0,5,0,0,1,0,0,0,0,0,0,0,1121,0,0,124,0,0,0,0,0,381871,23,0,0,11,0,116,0,0,0,72,2,0,0,0,3,0,0,9,12,0,0,0,0,0,0,0,0,0,0,0,0,0,0,2,169,88,0,0,0,0,0,0,0,905,0,97796,45,4,0,1333,13,186256,728,2,0,0,0,0,0,54
4f17d7fa344b970890ed1bc52a0da95146cab9fe56ecabafafacb0ad212558c9.json,196,142061,0,0,0,0,0,0,0,0,0,0,0,0,0,0,0,0,0,0,0,0,0,0,0,0,0,0,0,0,0,0,0,0,0,0,0,0,0,10,22,10,10,0,0,0,0,0,0,0,0,0,0,0,0,0,0,0,0,0,0,0,0,0,0,0,0,0,0,0,0,0,0,0,0,0,24,0,0,0,12,1,0,0,0,0,0,0,3,0,0,0,0,0,0,0,0,0,0,0,0,0,0,0,2,2,26,0,0,0,0,0,0,0,46,0,4,0,2,0,19,0,2,0,0,0,0,0,0,0,1
e1b147aa2efa6849743f570a3aca8390faf4b90aed490a5682816dd9ef10e473.json,212,552520,5,356,49,0,6,0,3,18,0,0,0,0,84,0,0,0,13,0,0,0,8,0,0,160,0,0,0,0,0,0,1,0,0,161,4,0,0,26,52,26,49,0,0,0,4,8,0,0,2,0,0,1,0,0,0,0,0,0,0,43,0,0,0,0,0,0,0,0,0,0,0,0,155,0,129,0,0,0,59,13,0,0,0,0,0,0,3,12,0,0,0,0,0,0,0,0,0,0,0,0,0,0,2,15,71,0,0,0,0,0,0,0,595,0,19,0,4,0,456,1,44,0,2,0,0,0,0,0,7
977083fc01e2982258eac0a13e56cd697d9f6941f5a365e9d02d544fc3e15000.json,718,319180,0,0,0,0,0,0,0,0,0,0,0,0,0,0,0,0,0,0,0,0,0,0,0,0,0,0,0,0,0,0,0,0,0,0,0,1,0,14,28,14,42,0,0,0,0,8,0,0,0,0,0,0,0,0,0,0,0,1,0,8,0,0,0,0,0,0,0,0,0,0,0,0,889,0,1672,0,0,0,54,12,0,0,0,0,0,0,3,6,0,0,0,0,0,0,0,0,0,0,0,0,0,0,2,14,79,0,0,0,0,0,0,0,146,0,33,0,2,0,288,0,9240,800,0,0,0,0,0,0,8
